[
    {"name": "Nadeem", "id": 1, "gender":"Male"},
    {"name": "Deepshikha", "id": 2, "gender":"FeMale"},
    {"name": "Shyam", "id": 3, "gender":"Male"},
    {"name": "Arpita", "id": 4, "gender":"FeMale"},
    {"name": "Pratibha", "id": 5, "gender":"FeMale"},
    {"name": "Nadeem", "id": 6, "gender":"Male"},
    {"name": "Deepshikha", "id": 7, "gender":"FeMale"},
    {"name": "Shyam", "id": 8, "gender":"Male"},
    {"name": "Arpita", "id": 9, "gender":"FeMale"},
    {"name": "Pratibha", "id": 10, "gender":"FeMale"}
]